-- ----------------------------
-- Records of mst_privilege
-- ----------------------------
INSERT INTO "public"."mst_privilege" ("id_privilege", "privilegeid", "privilegename", "privilegestatus", "parentid", "menu", "menuname", "tabname", "icon", "url", "creationaldate", "creationalby") VALUES ('0', 'ROOT', 'ROOT', 'DELETED', NULL, 't', 'Dashboard', 'Dashboard', NULL, NULL, '2016-01-01 00:00:00', 'SYSTEM');
INSERT INTO "public"."mst_privilege" ("id_privilege", "privilegeid", "privilegename", "privilegestatus", "parentid", "menu", "menuname", "tabname", "icon", "url", "creationaldate", "creationalby") VALUES ('1', 'ADMINISTRATOR', 'User Management', 'ACTIVE', 'ROOT', 't', 'User Management', NULL, NULL, NULL, '2016-01-01 00:00:00', 'SYSTEM');
INSERT INTO "public"."mst_privilege" ("id_privilege", "privilegeid", "privilegename", "privilegestatus", "parentid", "menu", "menuname", "tabname", "icon", "url", "creationaldate", "creationalby") VALUES ('2', 'GROUP', 'Group', 'ACTIVE', 'ADMINISTRATOR', 't', 'Group Management', NULL, NULL, NULL, '2016-01-01 00:00:00', 'SYSTEM');
INSERT INTO "public"."mst_privilege" ("id_privilege", "privilegeid", "privilegename", "privilegestatus", "parentid", "menu", "menuname", "tabname", "icon", "url", "creationaldate", "creationalby") VALUES ('3', 'GROUP_SEARCH', 'Group Search', 'ACTIVE', 'GROUP', 't', 'Group - Maintenance', 'Pemeliharaan Grup', NULL, '~./ui/fnd/group/search.fnd.group.zul', '2016-01-01 00:00:00', 'SYSTEM');
INSERT INTO "public"."mst_privilege" ("id_privilege", "privilegeid", "privilegename", "privilegestatus", "parentid", "menu", "menuname", "tabname", "icon", "url", "creationaldate", "creationalby") VALUES ('4', 'GROUP_UPDATE', 'Group Update', 'ACTIVE', 'GROUP_SEARCH', 'f', NULL, NULL, NULL, NULL, '2016-01-01 00:00:00', 'SYSTEM');
INSERT INTO "public"."mst_privilege" ("id_privilege", "privilegeid", "privilegename", "privilegestatus", "parentid", "menu", "menuname", "tabname", "icon", "url", "creationaldate", "creationalby") VALUES ('5', 'GROUP_VIEW', 'Group View', 'ACTIVE', 'GROUP_SEARCH', 'f', NULL, NULL, NULL, NULL, '2016-01-01 00:00:00', 'SYSTEM');
INSERT INTO "public"."mst_privilege" ("id_privilege", "privilegeid", "privilegename", "privilegestatus", "parentid", "menu", "menuname", "tabname", "icon", "url", "creationaldate", "creationalby") VALUES ('6', 'GROUP_DELETE', 'Group Delete', 'ACTIVE', 'GROUP_SEARCH', 'f', NULL, NULL, NULL, NULL, '2016-01-01 00:00:00', 'SYSTEM');
INSERT INTO "public"."mst_privilege" ("id_privilege", "privilegeid", "privilegename", "privilegestatus", "parentid", "menu", "menuname", "tabname", "icon", "url", "creationaldate", "creationalby") VALUES ('7', 'GROUP_CREATE', 'Group Create', 'ACTIVE', 'GROUP', 't', 'Create', 'Group - Create', NULL, '~./ui/fnd/group/create.fnd.group.zul', '2016-01-01 00:00:00', 'SYSTEM');
INSERT INTO "public"."mst_privilege" ("id_privilege", "privilegeid", "privilegename", "privilegestatus", "parentid", "menu", "menuname", "tabname", "icon", "url", "creationaldate", "creationalby") VALUES ('8', 'USER_MANAGEMENT', 'User', 'ACTIVE', 'ADMINISTRATOR', 't', 'User Management', NULL, NULL, NULL, '2016-01-01 00:00:00', 'SYSTEM');
INSERT INTO "public"."mst_privilege" ("id_privilege", "privilegeid", "privilegename", "privilegestatus", "parentid", "menu", "menuname", "tabname", "icon", "url", "creationaldate", "creationalby") VALUES ('9', 'USER_SEARCH', 'User Search', 'ACTIVE', 'USER_MANAGEMENT', 't', 'Search', 'User - Maintenance', NULL, '~./ui/fnd/user/search.fnd.user.zul', '2016-01-01 00:00:00', 'SYSTEM');
INSERT INTO "public"."mst_privilege" ("id_privilege", "privilegeid", "privilegename", "privilegestatus", "parentid", "menu", "menuname", "tabname", "icon", "url", "creationaldate", "creationalby") VALUES ('10', 'USER_UPDATE', 'User Update', 'ACTIVE', 'USER_SEARCH', 'f', NULL, NULL, NULL, NULL, '2016-01-01 00:00:00', 'SYSTEM');
INSERT INTO "public"."mst_privilege" ("id_privilege", "privilegeid", "privilegename", "privilegestatus", "parentid", "menu", "menuname", "tabname", "icon", "url", "creationaldate", "creationalby") VALUES ('11', 'USER_VIEW', 'User View', 'ACTIVE', 'USER_SEARCH', 'f', NULL, NULL, NULL, NULL, '2016-01-01 00:00:00', 'SYSTEM');
INSERT INTO "public"."mst_privilege" ("id_privilege", "privilegeid", "privilegename", "privilegestatus", "parentid", "menu", "menuname", "tabname", "icon", "url", "creationaldate", "creationalby") VALUES ('12', 'USER_DELETE', 'User Delete', 'ACTIVE', 'USER_SEARCH', 'f', NULL, NULL, NULL, NULL, '2016-01-01 00:00:00', 'SYSTEM');
INSERT INTO "public"."mst_privilege" ("id_privilege", "privilegeid", "privilegename", "privilegestatus", "parentid", "menu", "menuname", "tabname", "icon", "url", "creationaldate", "creationalby") VALUES ('13', 'USER_RESET_PASSWORD', 'User Reset Password', 'ACTIVE', 'USER_SEARCH', 'f', NULL, NULL, NULL, NULL, '2016-01-01 00:00:00', 'SYSTEM');
INSERT INTO "public"."mst_privilege" ("id_privilege", "privilegeid", "privilegename", "privilegestatus", "parentid", "menu", "menuname", "tabname", "icon", "url", "creationaldate", "creationalby") VALUES ('14', 'USER_LOCK_UNLOCK', 'User Lock Unlock', 'ACTIVE', 'USER_SEARCH', 'f', NULL, NULL, NULL, NULL, '2016-01-01 00:00:00', 'SYSTEM');
INSERT INTO "public"."mst_privilege" ("id_privilege", "privilegeid", "privilegename", "privilegestatus", "parentid", "menu", "menuname", "tabname", "icon", "url", "creationaldate", "creationalby") VALUES ('15', 'USER_CREATE', 'User Create', 'ACTIVE', 'USER_MANAGEMENT', 't', 'Create', 'User - Create', NULL, '~./ui/fnd/user/create.fnd.user.zul', '2016-01-01 00:00:00', 'SYSTEM');
INSERT INTO "public"."mst_privilege" ("id_privilege", "privilegeid", "privilegename", "privilegestatus", "parentid", "menu", "menuname", "tabname", "icon", "url", "creationaldate", "creationalby") VALUES ('16', 'USER_RELEASE', 'User Release', 'ACTIVE', 'USER_MANAGEMENT', 't', 'Release', 'User - Release', NULL, '~./ui/fnd/user/release.fnd.user.zul', '2016-01-01 00:00:00', 'SYSTEM');
INSERT INTO "public"."mst_privilege" ("id_privilege", "privilegeid", "privilegename", "privilegestatus", "parentid", "menu", "menuname", "tabname", "icon", "url", "creationaldate", "creationalby") VALUES ('17', 'MENU', 'Menu Dashboard', 'ACTIVE', 'ADMINISTRATOR', 't', 'User', NULL, NULL, NULL, '2016-01-01 00:00:00', 'SYSTEM');
INSERT INTO "public"."mst_privilege" ("id_privilege", "privilegeid", "privilegename", "privilegestatus", "parentid", "menu", "menuname", "tabname", "icon", "url", "creationaldate", "creationalby") VALUES ('18', 'MENU_MANAGEMENT', 'Menu Dashboard', 'ACTIVE', 'MENU', 't', 'User - Dashboard', 'User - Dashboard', NULL, '~./ui/fnd/menu/dashboard.privilege.zul', '2016-01-01 00:00:00', 'SYSTEM');
INSERT INTO "public"."mst_privilege" ("id_privilege", "privilegeid", "privilegename", "privilegestatus", "parentid", "menu", "menuname", "tabname", "icon", "url", "creationaldate", "creationalby") VALUES ('19', 'PROFILE', 'Profile', 'ACTIVE', 'ADMINISTRATOR', 't', 'Profile User', 'My Profil', '/images/menu/user.png', '/financial-management/profile/profile_user.zul', '2016-01-01 00:00:00', 'SYSTEM');
INSERT INTO "public"."mst_privilege" ("id_privilege", "privilegeid", "privilegename", "privilegestatus", "parentid", "menu", "menuname", "tabname", "icon", "url", "creationaldate", "creationalby") VALUES ('21', 'TRANSAKSI', 'Transaksi', 'ACTIVE', 'ADMINISTRATOR', 't', 'Transaksi', 'My Transaksi', '/images/menu/transaksi.png', '/financial-management/transaksi/dashboard.transaksi.zul', '2016-01-01 00:00:00', 'SYSTEM');
INSERT INTO "public"."mst_privilege" ("id_privilege", "privilegeid", "privilegename", "privilegestatus", "parentid", "menu", "menuname", "tabname", "icon", "url", "creationaldate", "creationalby") VALUES ('26', 'LAPORAN', 'Laporan', 'ACTIVE', 'ADMINISTRATOR', 't', 'Laporan', 'Laporan', '/images/menu/laporan.png', '/financial-management/ledger/search.employee.zul', '2016-01-01 00:00:00', 'SYSTEM');
INSERT INTO "public"."mst_privilege" ("id_privilege", "privilegeid", "privilegename", "privilegestatus", "parentid", "menu", "menuname", "tabname", "icon", "url", "creationaldate", "creationalby") VALUES ('24', 'ASSET', 'Asset', 'ACTIVE', 'ADMINISTRATOR', 't', 'Asset', 'My Asset', '/images/menu/asset.png', '/financial-management/asset/dashboard_asset.zul', '2016-01-01 00:00:00', 'SYSTEM');

-- ----------------------------
-- Records of mst_role
-- ----------------------------
INSERT INTO "public"."mst_role" ("id_role", "roleid", "rolename", "roledescription", "rolestatus", "creationaldate", "creationalby") VALUES ('2', 'ADMIN', 'ADMIN', 'ADMIN', 'ACTIVE', '2016-01-01 00:00:00', 'SUPERADMIN');
INSERT INTO "public"."mst_role" ("id_role", "roleid", "rolename", "roledescription", "rolestatus", "creationaldate", "creationalby") VALUES ('1', 'SUPERADMIN', 'SUPERADMIN', 'SUPERADMIN', 'ACTIVE', '2016-01-01 00:00:00', 'SUPERADMIN');
INSERT INTO "public"."mst_role" ("id_role", "roleid", "rolename", "roledescription", "rolestatus", "creationaldate", "creationalby") VALUES ('3', 'USER', 'USER', 'USER', 'ACTIVE', '2016-01-01 00:00:00', 'SUPERADMIN');

-- ----------------------------
-- Records of mst_role_privilege
-- ----------------------------
INSERT INTO "public"."mst_role_privilege" ("roleid", "privilegeid", "accesstype", "role_privilege_index") VALUES ('1', '1', 'ALLOW', '0');
INSERT INTO "public"."mst_role_privilege" ("roleid", "privilegeid", "accesstype", "role_privilege_index") VALUES ('1', '19', 'ALLOW', '1');
INSERT INTO "public"."mst_role_privilege" ("roleid", "privilegeid", "accesstype", "role_privilege_index") VALUES ('1', '21', 'ALLOW', '2');
INSERT INTO "public"."mst_role_privilege" ("roleid", "privilegeid", "accesstype", "role_privilege_index") VALUES ('1', '24', 'ALLOW', '3');
INSERT INTO "public"."mst_role_privilege" ("roleid", "privilegeid", "accesstype", "role_privilege_index") VALUES ('1', '26', 'ALLOW', '4');
INSERT INTO "public"."mst_role_privilege" ("roleid", "privilegeid", "accesstype", "role_privilege_index") VALUES ('2', '1', 'ALLOW', '0');
INSERT INTO "public"."mst_role_privilege" ("roleid", "privilegeid", "accesstype", "role_privilege_index") VALUES ('2', '19', 'ALLOW', '1');
INSERT INTO "public"."mst_role_privilege" ("roleid", "privilegeid", "accesstype", "role_privilege_index") VALUES ('2', '21', 'ALLOW', '2');
INSERT INTO "public"."mst_role_privilege" ("roleid", "privilegeid", "accesstype", "role_privilege_index") VALUES ('2', '24', 'ALLOW', '3');
INSERT INTO "public"."mst_role_privilege" ("roleid", "privilegeid", "accesstype", "role_privilege_index") VALUES ('2', '26', 'ALLOW', '4');
INSERT INTO "public"."mst_role_privilege" ("roleid", "privilegeid", "accesstype", "role_privilege_index") VALUES ('3', '19', 'ALLOW', '0');
INSERT INTO "public"."mst_role_privilege" ("roleid", "privilegeid", "accesstype", "role_privilege_index") VALUES ('3', '21', 'ALLOW', '1');
INSERT INTO "public"."mst_role_privilege" ("roleid", "privilegeid", "accesstype", "role_privilege_index") VALUES ('3', '24', 'ALLOW', '2');
INSERT INTO "public"."mst_role_privilege" ("roleid", "privilegeid", "accesstype", "role_privilege_index") VALUES ('3', '26', 'ALLOW', '3');

-- ----------------------------
-- Records of mst_user
-- ----------------------------
INSERT INTO "public"."mst_user" ("id_user", "username", "password", "userid", "nip", "userstatus", "roleid", "fullname", "email", "mobilephone", "immediatesupervisorusername", "primarybranchid", "escute", "jobdivision", "joblocation", "mondaystart", "mondayend", "tuesdaystart", "tuesdayend", "wednesdaystart", "wednesdayend", "thursdaystart", "thursdayend", "fridaystart", "fridayend", "saturdaystart", "saturdayend", "sundaystart", "sundayend", "lastlogin", "lastloginfailed", "loginattempt", "logindate", "logoutdate", "credentialsexpireddate", "remoteaddress", "remotehost", "sessionid", "creationaldate", "creationalby") VALUES ('2', 'ADMIN', '$2a$10$57J57UK4Wxa6GUWig2QyA.KYv5GgiHeXUIUppRtmczWSlTJd35iba', 'USER002', '1200102', 'ACTIVE', '2', 'Admin', 'admin@bitozen.com', '0811111111', 'SUPERADMIN', '001', NULL, 'TI', 'BANDUNG', '1970-01-01 00:00:00', '1970-01-01 23:59:00', '1970-01-01 00:00:00', '1970-01-01 23:59:00', '1970-01-01 00:00:00', '1970-01-01 23:59:00', '1970-01-01 00:00:00', '1970-01-01 23:59:00', '1970-01-01 00:00:00', '1970-01-01 23:59:00', '1970-01-01 00:00:00', '1970-01-01 23:59:00', '1970-01-01 00:00:00', '1970-01-01 23:59:00', NULL, NULL, '0', NULL, NULL, NULL, '0:0:0:0:0:0:0:1', '0:0:0:0:0:0:0:1', NULL, '2016-01-01 00:00:00', 'SUPERADMIN');
INSERT INTO "public"."mst_user" ("id_user", "username", "password", "userid", "nip", "userstatus", "roleid", "fullname", "email", "mobilephone", "immediatesupervisorusername", "primarybranchid", "escute", "jobdivision", "joblocation", "mondaystart", "mondayend", "tuesdaystart", "tuesdayend", "wednesdaystart", "wednesdayend", "thursdaystart", "thursdayend", "fridaystart", "fridayend", "saturdaystart", "saturdayend", "sundaystart", "sundayend", "lastlogin", "lastloginfailed", "loginattempt", "logindate", "logoutdate", "credentialsexpireddate", "remoteaddress", "remotehost", "sessionid", "creationaldate", "creationalby") VALUES ('1', 'SUPERADMIN', '$2a$10$vW7zns/PRqfHgaxN3DpJuuH2n1mI152gMxO6Lnm4X6zrAEXDPBAUC', 'USER001', '1200101', 'ACTIVE', '1', 'Super Admin', 'superadmin@bitozen.com', '0811111111', 'SYSTEM', '001', NULL, 'TI', 'JAKARTA', '1970-01-01 00:00:00', '1970-01-01 23:59:00', '1970-01-01 00:00:00', '1970-01-01 23:59:00', '1970-01-01 00:00:00', '1970-01-01 23:59:00', '1970-01-01 00:00:00', '1970-01-01 23:59:00', '1970-01-01 00:00:00', '1970-01-01 23:59:00', '1970-01-01 00:00:00', '1970-01-01 23:59:00', '1970-01-01 00:00:00', '1970-01-01 23:59:00', NULL, NULL, '0', '2018-02-14 14:23:50.145', NULL, NULL, '0:0:0:0:0:0:0:1', '0:0:0:0:0:0:0:1', '11oy4mod1f61u1mq2545hn7kyk', '2016-01-01 00:00:00', 'SYSTEM');
INSERT INTO "public"."mst_user" ("id_user", "username", "password", "userid", "nip", "userstatus", "roleid", "fullname", "email", "mobilephone", "immediatesupervisorusername", "primarybranchid", "escute", "jobdivision", "joblocation", "mondaystart", "mondayend", "tuesdaystart", "tuesdayend", "wednesdaystart", "wednesdayend", "thursdaystart", "thursdayend", "fridaystart", "fridayend", "saturdaystart", "saturdayend", "sundaystart", "sundayend", "lastlogin", "lastloginfailed", "loginattempt", "logindate", "logoutdate", "credentialsexpireddate", "remoteaddress", "remotehost", "sessionid", "creationaldate", "creationalby") VALUES ('3', 'lintang', '$2a$10$Ht6L7gV45a4KBvGH3qtutOWbf21qIvj/8pXWwZF0cZ0RgHsFN.zvW', '38b0c84a-e1aa-42ca-bd69-5f311c7db157', NULL, 'ACTIVE', '3', 'Mr. Heri Triyogo', 'lintang@gmail.com', 'jalan bbbbb', 'Warung Kelontong oke oce', 'jalan aaaa', 'Kuliner q', NULL, NULL, '1970-01-01 00:00:00', '1970-01-01 23:59:00', '1970-01-01 00:00:00', '1970-01-01 23:59:00', '1970-01-01 00:00:00', '1970-01-01 23:59:00', '1970-01-01 00:00:00', '1970-01-01 23:59:00', '1970-01-01 00:00:00', '1970-01-01 23:59:00', '1970-01-01 00:00:00', '1970-01-01 23:59:00', '1970-01-01 00:00:00', '1970-01-01 23:59:00', '2018-02-14 14:58:00.26', NULL, '0', '2018-02-15 00:26:13.707', '2018-02-14 14:58:00.26', NULL, '0:0:0:0:0:0:0:1', '0:0:0:0:0:0:0:1', '1454u16af9rex1htuzfnya1570', '2018-02-14 14:26:57.878', 'Heri Triyogo');
